"Source:","C:\Users\gecko\Desktop\classes\pcb\TemperatureDatalogger\TemperatureDatalogger.kicad_sch"
"Date:","2025-11-14T09:51:00-0700"
"Tool:","Eeschema 9.0.4"
"Generator:","C:\Program Files\KiCad\9.0\bin\scripting\plugins/bom_csv_grouped_by_value.py"
"Component Count:","40"

"Collated Components:"

"Item","Qty","Reference(s)","Value","LibPart","Footprint","Datasheet","DNP","AVAILABILITY","Availability","Check_prices","DESCRIPTION","DPN","DPR","Datasheet","Description","Description_1","Digikey Link (backup part)","Digikey link","Footprint","JLCPCB","JLCPCB link","MANUFACTURER","MAXIMUM_PACKAGE_HEIGHT","MF","MFR","MP","MPN","MRF","PACKAGE","PARTREV","PRICE","PURCHASE-URL","Package","Price","SPN","SPR","STANDARD","Sim.Pins","SnapEDA_Link","Untitled Field"
"1","2","C1, C7","10uf RFS","WCAP-PSLP_4X5.5:WCAP-PSLP_4X5.5","RF-A_NCH:RF-A_NCH-M","kicad-embed://e-rfs_rfa.pdf","DNP","","","","","","","kicad-embed://e-rfs_rfa.pdf","","","","https://www.digikey.com/en/products/detail/nichicon/RFS1A100MCN1GB/2202796?s=N4IgTCBcDaIEoDEDKBGAgigDJgsgYQDkUBxAIRAF0BfIA","RF-A_NCH:RF-A_NCH-M","https://jlcpcb.com/partdetail/Nichicon-RFS1A100MCN1GB/C2162094","","","","","Nichicon","","RFS1A100MCN1GB","","","","","","","","493-3682-1-ND","Digikey","","","",""
"2","9","C2, C3, C4, C6, C11, C12, C13, C14, C15","100 nf",":CC0603KRX5R8BB104_1","CC0603KRX5R8BB104:CAP_CC0603KRX5R8BB104_YAG-M","CC0603KRX5R8BB104","","","","","","","","CC0603KRX5R8BB104","","","","https://www.digikey.com/en/products/detail/yageo/CC0603KRX5R8BB104/20376210?s=N4IgTCBcDaIMJwAwDZEGYDSAlAGgViwA4AhYgRkQBYQBdAXyA","CC0603KRX5R8BB104:CAP_CC0603KRX5R8BB104_YAG-M","","https://jlcpcb.com/partdetail/YAGEO-CC0603KRX5R8BB104/C2930551","","","","YAGEO",""," CC0603KRX5R8BB104","","","","","","",""," C2930551","JLCPCB","","","",""
"3","1","C5","22uf WCAP","WCAP-PSLP_4X5.5:WCAP-PSLP_4X5.5","WCAP-PSLP:WCAP-PSLP_4X5.5_DXL_","kicad-embed://875105240003.pdf","DNP","","","","","","","kicad-embed://875105240003.pdf","","","","https://www.digikey.com/en/products/detail/w%C3%BCrth-elektronik/875105240003/5147567","WCAP-PSLP:WCAP-PSLP_4X5.5_DXL_","","https://jlcpcb.com/partdetail/WurthElektronik-875105240003/C2161805","","","","Wurth Elektronik",""," 875105240003","","","","","","","","732-6403-1-ND - Cut Tape (CT)","Digikey","","","",""
"4","1","D1","D_Schottky","Device:D_Schottky","Schottkey:DO-214AC_VIS-M","kicad-embed://bys10.pdf","","","","","","","","kicad-embed://bys10.pdf","Schottky diode","","","https://www.digikey.com/en/products/detail/vishay-general-semiconductor-diodes-division/BYS10-25-E3-TR/2149781","Schottkey:DO-214AC_VIS-M","","https://jlcpcb.com/partdetail/VishayIntertech-BYS10_25_E3TR/C3008962","","",""," Vishay Intertech","","BYS10-25-E3/TR","","","","","","","","C3008962","JLCPCB","","","",""
"5","2","D2, D4","Green LED","Device:LED","LED:LED_0604_SMD","kicad-embed://150060VS55040.pdf","","","","","","","","kicad-embed://150060VS55040.pdf","Light emitting diode","","","https://www.digikey.com/en/products/detail/w%C3%BCrth-elektronik/150060VS55040/8557182","LED:LED_0604_SMD","","https://jlcpcb.com/partdetail/WurthElektronik-150060VS55040/C6390388","","","","","","150060VS55040","Würth Elektronik","","","","","","","C6390388","JLCPCB","","1=K 2=A","",""
"6","1","D3","Red LED","Device:LED","LED:LED_0604_SMD","kicad-embed://150060VS55040.pdf","","","","","","","","kicad-embed://150060VS55040.pdf","Light emitting diode","","","https://www.digikey.com/en/products/detail/w%C3%BCrth-elektronik/150060RS75000/4489901","LED:LED_0604_SMD","","https://jlcpcb.com/partdetail/WurthElektronik-150060RS75000/C3030991","","","","","","150060RS75000","Würth Elektronik","","","","","","","C3030991","JLCPCB","","1=K 2=A","",""
"7","1","J1","USB_C_Receptacle_USB2.0_16P","Connector:USB_C_Receptacle_USB2.0_16P","Connector_USB:USB_C_Receptacle_HRO_TYPE-C-31-M-12","kicad-embed://C165948.pdf","","","","","","","","kicad-embed://C165948.pdf","USB 2.0-only 16P Type-C Receptacle connector","","","","Connector_USB:USB_C_Receptacle_HRO_TYPE-C-31-M-12","","https://jlcpcb.com/partdetail/Korean_HropartsElec-TYPE_C_31_M12/C165948","","",""," Korean Hroparts Elec",""," TYPE-C-31-M-12","","","","","","","","C165948","JLCPCB","","","",""
"8","1","J2","Micro_SD_Card","TF-01A:TF-01A","TF_01A:TF-01A","https://www.we-online.com/components/products/datasheet/693072010801.pdf","","","Not in stock","https://www.snapeda.com/parts/TF-01A/HRO+Electronics+Co.%252C+Ltd./view-part/?ref=eda","","","","https://www.we-online.com/components/products/datasheet/693072010801.pdf","Micro SD Card Socket","Standard Card Edge Connectors","","","TF_01A:TF-01A","","https://jlcpcb.com/parts/componentSearch?searchTxt=tf-01a","","","HRO Electronics Co., Ltd.","Korean Hroparts Elec","TF-01A","TF-01A","","","","","","Package","None","C91145","JLCPCB","","","https://www.snapeda.com/parts/TF-01A/HRO+Electronics+Co.%252C+Ltd./view-part/?ref=snap",""
"9","3","J3, J4, J15","6130XX11121_61300611121","6130XX11121_61300611121:6130XX11121_61300611121","header6pin:61300611121","","DNP","","","","","","","","","","","","header6pin:61300611121","","","","","","","","","","","","","","","","","","","","",""
"10","1","J5","61300411121","61300411121:61300411121","header2_4pin:WURTH_61300411121","","DNP","In Stock","","","Connector Header Through Hole 4 position 0.100 (2.54mm)","","","","Connector Header Through Hole 4 position 0.100 (2.54mm)","","","","header2_4pin:WURTH_61300411121","","","","","Würth Elektronik","","61300411121","","","None","","None","https://pricing.snapeda.com/search/part/61300411121/?ref=eda","","","","","","","",""
"11","1","J6","TSW-102-07-F-S","TSW-102-07-F-S:TSW-102-07-F-S","header2_4pin:SAMTEC_TSW-102-07-F-S","","DNP","","","","","","","","","","","","header2_4pin:SAMTEC_TSW-102-07-F-S","","","Samtec","","","","","","","","R","","","","","","","Manufacturer Recommendations","","",""
"12","2","R1, R2","4.7K","RCS06035K10FKEA:RCS06035K10FKEA","0_27k:RES_ERJPA3F2700V","kicad-embed://C4017867.pdf","","","","","","","","kicad-embed://C4017867.pdf","","","","https://www.digikey.com/en/products/detail/yageo/RC0603FR-074K7L/727212","0_27k:RES_ERJPA3F2700V","","https://jlcpcb.com/partdetail/YAGEO-RC0603FR074K7L/C99782","","",""," YAGEO","","RC0603FR-074K7L","","","","","","",""," C99782","JLCPCB","","","",""
"13","3","R4, R7, R10","0.27k","RCS06035K10FKEA:RCS06035K10FKEA","0_27k:RES_ERJPA3F2700V","kicad-embed://C4017867.pdf","","","","","","","","kicad-embed://C4017867.pdf","","","","https://www.digikey.com/en/products/detail/yageo/RC0603FR-13270RL/14286751","0_27k:RES_ERJPA3F2700V","","https://jlcpcb.com/partdetail/YAGEO-RC0603FR13270RL/C4017867","","",""," YAGEO","","RC0603FR-13270RL ","","","","","","","","C4017867","JLCPCB","","","",""
"14","2","R5, R8","10k","RCS06035K10FKEA:RCS06035K10FKEA","0_27k:RES_ERJPA3F2700V","kicad-embed://C4017867.pdf","","","","","","","","kicad-embed://C4017867.pdf","","","","https://www.digikey.com/en/products/detail/yageo/RC0603FR-0710KL/726880","0_27k:RES_ERJPA3F2700V","","https://jlcpcb.com/partdetail/YAGEO-RC0603FR0710KL/C98220","","",""," YAGEO","","RC0603FR-0710KL","","","","","","",""," C98220","JLCPCB","","","",""
"15","2","R11, R12","5.1K","RCS06035K10FKEA:RCS06035K10FKEA","0_27k:RES_ERJPA3F2700V","kicad-embed://C4017867.pdf","","","","","","","","kicad-embed://C4017867.pdf","","","","https://www.digikey.com/en/products/detail/yageo/RC0603FR-075K1L/727268","0_27k:RES_ERJPA3F2700V","","https://jlcpcb.com/partdetail/YAGEO-RC0603FR075K1L/C105580","","",""," YAGEO","","RC0603FR-075K1L","","","","","","",""," C105580","JLCPCB","","","",""
"16","2","SW1, SW2","SW_MEC_5E","Switch:SW_MEC_5E","TactileButton:button","kicad-embed://C306883.pdf","","","","","","","","kicad-embed://C306883.pdf","MEC 5E single pole normally-open tactile switch","","","https://www.digikey.com/en/products/detail/omron-electronics-inc-emc-div/B3SN-3012P/9717","TactileButton:button","","https://jlcpcb.com/partdetail/OmronElectronics-B3SN3012P/C306881","","","","Omron Electronics","","B3SN-3012P ","","","","","","","","C306881","JLCPCB","","","",""
"17","1","U1","ESP32-S3-WROOM-1-N4","ESP32-S3-WROOM-1-N4:ESP32-S3-WROOM-1-N4","esp32:XCVR_ESP32-S3-WROOM-1-N4","kicad-embed://esp32-s3-wroom-1_wroom-1u_datasheet_en.pdf","","","","","","","","kicad-embed://esp32-s3-wroom-1_wroom-1u_datasheet_en.pdf","","","","https://www.digikey.com/en/products/detail/espressif-systems/ESP32-S3-WROOM-1-N4/16162639","esp32:XCVR_ESP32-S3-WROOM-1-N4","","https://jlcpcb.com/partdetail/3198295-ESP32_S3_WROOM_1N4/C2913197","Espressif","3.25mm","","Espressif Systems ","","ESP32-S3-WROOM-1-N4","","","v1.0","","","","","C2913197","JLCPCB","Manufacturer Recommendations","","",""
"18","1","U2","USBLC6-2SC6","USBLC6-2SC6:USBLC6-2SC6","USBLC6:SOT95P280X145-6N","kicad-embed://en.CD00050750.pdf","","In Stock","In Stock","https://www.snapeda.com/parts/USBLC6-2SC6/STMicroelectronics/view-part/?ref=eda","17V Clamp 5A (8/20µs) Ipp Tvs Diode Surface Mount SOT-23-6","C7519","JLCPCB","kicad-embed://en.CD00050750.pdf","ESD protection for USB C","17V Clamp 5A (8/20µs) Ipp Tvs Diode Surface Mount SOT-23-6","","https://www.digikey.com/en/products/detail/stmicroelectronics/USBLC6-2SC6/1040559","USBLC6:SOT95P280X145-6N","","https://jlcpcb.com/partdetail/STMicroelectronics-USBLC62SC6/C7519","","","STMicroelectronics"," STMicroelectronics","USBLC6-2SC6","USBLC6-2SC6","","SOT-23-6 STMicroelectronics","","None","https://pricing.snapeda.com/search/part/USBLC6-2SC6/?ref=eda","SOT-23-6 STMicroelectronics","None","","","","","https://www.snapeda.com/parts/USBLC6-2SC6/STMicroelectronics/view-part/?ref=snap",""
"19","1","U3","AMS1117-3.3","AMS1117-3.3:AMS1117-3.3","AMS1117:SOT229P700X180-4N","kicad-embed://C6186.pdf","","Unavailable","In Stock","https://www.snapeda.com/parts/AMS1117-3.3/UMW/view-part/?ref=eda","","","","kicad-embed://C6186.pdf","","Linear Voltage Regulator IC Positive Fixed 1 Output 1A SOT-223-3L","https://www.digikey.com/en/products/detail/evvo/AMS1117-3-3/22482148","","AMS1117:SOT229P700X180-4N","","https://jlcpcb.com/partdetail/Advanced_MonolithicSystems-AMS1117_33/C6186","Advanced Mololithic Systems","","UMW","Advanced Monolithic Systems","AMS1117-3.3","AMS1117-3.3","","SOT-223 ams","NA","None","","SOT-223-3L UMW","None","C6186","JLCPCB","IPC-7351B","","https://www.snapeda.com/parts/AMS1117-3.3/UMW/view-part/?ref=snap",""
"20","1","U4","TMP117MAIDRVR","TMP117MAIDRVR:TMP117MAIDRVR","TMP117:SON65P200X200X80-7N","kicad-embed://tmp117.pdf","","","","","","","","kicad-embed://tmp117.pdf","","","","https://www.digikey.com/en/products/detail/texas-instruments/TMP117MAIDRVR/9685285","TMP117:SON65P200X200X80-7N","","https://jlcpcb.com/partdetail/TexasInstruments-TMP117MAIDRVR/C2803242","","","","  Texas Instruments","","  TMP117MAIDRVR","","","","","","",""," C2803242","JLCPCB","","","",""
"21","1","U5","BH1750FVI-TR","BH1750FVI-TR:BH1750FVI-TR","BH1750:XDCR_BH1750FVI-TR","kicad-embed://bh1750fvi-e.pdf","","","","","","","","kicad-embed://bh1750fvi-e.pdf","","","","https://www.digikey.com/en/products/detail/rohm-semiconductor/BH1750FVI-TR/2041441?s=N4IgTCBcDaIEIAkCMB2ArABhAXQL5A","BH1750:XDCR_BH1750FVI-TR","","https://jlcpcb.com/partdetail/ROHMSemicon-BH1750FVITR/C78960","Rohm","0.75mm",""," ROHM Semicon","","BH1750FVI-TR","","","D","","","",""," C78960","JLCPCB","Manufacturer recommendations","","",""
"22","1","U6","BME280","BME280:BME280","BME280:PSON65P250X250X100-8N","kicad-embed://bst-bme280-ds002.pdf","","Good","","","Integrated pressure, humidity and temperature sensor; 8-pin 2.5x2.5x0.93mm LGA","","","kicad-embed://bst-bme280-ds002.pdf","Integrated pressure, humidity and temperature sensor; 8-pin 2.5x2.5x0.93mm LGA","","","https://www.digikey.com/en/products/detail/bosch-sensortec/BME280/6136306","BME280:PSON65P250X250X100-8N","","https://jlcpcb.com/parts/componentSearch?searchTxt=BME280","","","Bosch","Bosch Sensortec","BME280","BME280","","LGA-8 Bosch","","4.94 USD","","","","C92489","JLCPCB","IPC-7351B","","",""
